cluster_a,cluster_b,distance,size
0,9,0,2
1,6,2.44949,2
4,5,3.31662,2
0,2,4.3589,3
3,4,4.89898,3
1,4,29.6985,3
0,3,45.9239,6
0,1,113.587,9
0,1,116.589,10
